mat_label,n_cols,matrix_size,block_size,oversample,metric
bayer01,400,57735,200,0,0.03345957159757206
c-67,1500,57975,100,0.2,0.0072667468083438234
