threshold,LUPP_sketch_cur,LUPP_iterative_cur,svds
5e-4,17.574747,7.509951,105.077561
5e-4,18.173888,6.973881,178.632015
5e-4,17.021505,7.073533,167.026452
5e-4,17.470844,6.907436,177.109123
5e-4,17.767959,7.006287,170.273231
5e-4,17.981702,5.825688,163.698583
5e-4,17.800012,5.931486,177.189225
5e-4,16.387379,5.7754200000000004,164.544073
5e-4,14.992259,6.186621,172.281631
5e-4,16.856767,7.335401,172.937276
