threshold,LUPP_sketch_cur,LUPP_iterative_cur,svds
0.002,15.069157,6.782202,178.616141
0.002,15.754146,6.53249,306.898423
0.002,16.290116,6.366614,328.068444
0.002,16.049843,6.475494,318.524291
0.002,14.656581,6.556461,243.692049
0.002,16.0323,6.397837,225.756446
0.002,12.89663,6.492149,156.665407
0.002,14.204937,6.580423,154.305017
0.002,15.821795,6.738366,161.305209
0.002,14.638711,6.427212,164.511151
