threshold,LUPP_sketch_cur,LUPP_iterative_cur,svds
7e-4,24.525947,16.771355,117.424724
7e-4,19.265666,17.858082,164.492907
7e-4,18.79756,17.923456,169.711255
7e-4,18.078886,17.849826,166.400816
7e-4,18.465711,16.429646,164.025669
7e-4,18.926931,10.409364,184.782068
7e-4,18.423943,16.185174,165.900802
7e-4,15.986806,20.957875,156.413877
7e-4,15.441705,13.38785,113.010447
7e-4,15.151384,9.716231,117.725592
