threshold,LUPP_sketch_cur,LUPP_iterative_cur,svds
0.005,59.958609,220.573942,465.846218
0.005,52.790577,215.02833,443.907695
0.005,59.745077,237.517267,407.711554
0.005,60.789876,250.610067,435.536903
0.005,57.140565,246.640885,429.951392
0.005,52.388827,222.458313,433.936912
0.005,57.083377,223.052364,387.595946
0.005,57.819499,226.872055,415.019294
0.005,39.89732,227.191686,444.487773
0.005,39.75058,236.59177,403.844837
