threshold,LUPP_sketch_cur,LUPP_iterative_cur,svds
0.005,73.363711,50.589149,460.937292
0.005,82.157212,48.353726,437.732618
0.005,77.405576,46.883986,430.566069
0.005,77.897008,43.578206,391.495404
0.005,71.572744,45.668944,443.881217
0.005,70.808697,44.81111,441.578228
0.005,76.733941,45.400103,456.698066
0.005,76.043979,42.245445,447.387923
0.005,77.808711,48.480523,436.754882
0.005,69.866087,44.841112,403.312116
