threshold,LUPP_sketch_cur,LUPP_iterative_cur,svds
0.1,1.288301,1.213214,3.092262
0.1,2.009886,1.206886,3.294375
0.1,1.597178,1.283581,3.924358
0.1,1.647472,1.279061,3.705824
0.1,1.763148,1.396112,6.624093
0.1,1.116271,1.272988,7.770934
0.1,0.864575,1.135433,10.861259
0.1,1.089691,1.512141,10.422607
0.1,0.906372,1.2194,10.002248
0.1,0.831818,1.241351,11.038042
