threshold,LUPP_sketch_cur,LUPP_iterative_cur,svds
0.1,12.087167,11.035178,28.045143
0.1,12.685863,11.011144,29.269288
0.1,9.870356,11.469737,56.499631
0.1,13.260685,9.170994,66.890836
0.1,12.284491,8.365591,74.931697
0.1,9.730741,8.675243,72.395717
0.1,12.277899,12.755052,78.397154
0.1,10.302117,11.988672,70.041686
0.1,8.839885,12.02965,77.420307
0.1,10.90808,10.267501,77.562063
