threshold,LUPP_sketch_cur,LUPP_iterative_cur,svds
0.01,4.315006,2.679911,21.722341
0.01,4.086986,2.729931,36.045512
0.01,4.042916,2.746237,41.789878
0.01,4.361484,2.634988,42.584439
0.01,4.610234,2.668349,41.39884
0.01,3.824973,2.678736,46.393079
0.01,3.728793,2.68817,42.170925
0.01,3.635539,2.73819,44.705688
0.01,3.680612,2.80309,37.133437
0.01,3.682234,2.687157,35.390461
