threshold,LUPP_sketch_cur,LUPP_iterative_cur,svds
1e-5,3.124693,1.624587,2.672121
1e-5,0.373641,0.242193,2.16222
1e-5,0.366238,0.258541,2.36721
1e-5,0.393895,0.21475,2.3108
1e-5,0.257573,0.249711,2.538656
1e-5,0.341416,0.233037,2.005566
1e-5,0.299449,0.244406,2.527071
1e-5,0.287443,0.226884,2.494168
1e-5,0.218304,0.253518,2.655784
1e-5,0.312535,0.297615,2.163482
