threshold,LUPP_sketch_cur,LUPP_iterative_cur,svds
0.06,13.609948,4.483267,173.173222
0.06,13.629954,4.378183,173.591415
0.06,12.916533,4.764162,183.418935
0.06,8.972892,4.448512,160.08242
0.06,9.808216,4.564001,129.804
0.06,9.574949,4.898085,118.220719
0.06,8.689606,4.533843,109.474151
0.06,6.00244,3.537897,112.478972
0.06,7.574109,5.402714,104.936036
0.06,7.451928,3.306656,100.402468
