threshold,LUPP_sketch_cur,LUPP_iterative_cur,svds
1e-5,2.155796,3.945997,2.025467
1e-5,0.213217,0.208404,1.998599
1e-5,0.295374,0.220161,2.013552
1e-5,0.29745,0.201392,2.516613
1e-5,0.370776,0.240458,2.501375
1e-5,0.317236,0.203563,2.4045010000000002
1e-5,0.319354,0.254593,2.57597
1e-5,0.315535,0.234628,2.299701
1e-5,0.277383,0.268226,2.16796
1e-5,0.251336,0.232679,2.156709
