threshold,LUPP_sketch_cur,LUPP_iterative_cur,svds
1e-6,15.185889,13.643015,119.994021
1e-6,14.435728,13.055331,116.959825
1e-6,13.8213,13.232543,107.037014
1e-6,14.854337,12.802583,99.09808
1e-6,15.387997,13.161471,91.308397
1e-6,15.760493,13.11513,76.888942
1e-6,15.875611,12.88316,74.410958
1e-6,16.298605,12.432776,75.667244
1e-6,15.646466,12.773333,71.898285
1e-6,14.645589,12.814257,72.865866
