threshold,LUPP_sketch_cur,LUPP_iterative_cur,svds
0.02,38.728143,19.995006,78.371752
0.02,40.6123,17.511186,120.56131
0.02,36.11842,20.507685,172.056761
0.02,39.75714,19.7249,213.272184
0.02,39.287586,18.840687,180.009897
0.02,39.224128,17.896176,204.350535
0.02,33.934853,19.521415,190.01755
0.02,39.110578,18.366365,177.008441
0.02,39.504062,19.059175,179.411635
0.02,37.357979,18.708682,193.406578
