threshold,LUPP_sketch_cur,LUPP_iterative_cur,svds
0.05,7.041004,2.682626,37.617826
0.05,6.806673,2.521429,52.588335
0.05,8.489956,2.575148,58.150198
0.05,8.49797,2.534679,51.667577
0.05,6.03091,2.517374,54.700434
0.05,8.932005,2.47607,58.568
0.05,8.867703,2.527028,56.123567
0.05,4.245997,2.719617,58.034601
0.05,4.150861,2.947546,59.812849
0.05,5.514528,2.560626,48.916227
