rank,lupp,qr,os,svd,svds
150,0.00374064987752714,0.0037070499024325,0.000717783939003712,0.000268546518642821,0.000293291593920947
350,0.000233953751459993,0.000208965461028836,5.75660460301891e-05,1.64536043483261e-05,1.80694761344202e-05
550,1.05429330341556e-05,1.13199321351569e-05,5.38675745982569e-06,9.81174038740396e-07,1.08057895539219e-06
750,5.57663375977761e-07,6.12412293590912e-07,4.29790303077728e-07,5.34253853577993e-08,5.88952298734447e-08
950,1.571160647063e-08,1.3125241504496e-08,1.44375269252287e-08,1.32053696842323e-09,1.51824546861813e-09
