sample,time,n_cols,n_rows,left_accuracy,right_accuracy,overall_accuracy,method,threshold,mat_label
1,4.543762,2000,2000,0.000555975789187047,0.000555971473477572,0.000555975789425374,LUPP_iterative_cur,2e-07,bayer01
2,4.344274,2000,2000,0.000555975814391657,0.000555971538093382,0.000555975814430302,LUPP_iterative_cur,2e-07,bayer01
3,4.311748,2000,2000,0.000555975829765497,0.000555971514722448,0.000555975831235438,LUPP_iterative_cur,2e-07,bayer01
4,4.379675,2000,2000,0.000555975737817196,0.000555971432472111,0.000555975739485729,LUPP_iterative_cur,2e-07,bayer01
5,4.412123,2000,2000,0.000555975843226514,0.000555971527046287,0.000555975843559073,LUPP_iterative_cur,2e-07,bayer01
