sample,time,n_cols,n_rows,left_accuracy,right_accuracy,overall_accuracy,method,threshold,mat_label
1,2.679993,2000,2000,0.000557425039729817,0.000557420790249446,0.000557425041098085,LUPP_iterative_cur,1e-20,bayer01
2,3.13548,2000,2000,0.000557255541806669,0.000557251235864613,0.000557255541900344,LUPP_iterative_cur,1e-20,bayer01
3,2.271385,2000,2000,0.000559559729131904,0.000559555512458709,0.000559559730296837,LUPP_iterative_cur,1e-20,bayer01
4,1.973513,2000,2000,0.000556724289718399,0.000556719979966941,0.000556724290677277,LUPP_iterative_cur,1e-20,bayer01
5,1.848516,2000,2000,0.000558567169032777,0.000558562909535511,0.000558567169731019,LUPP_iterative_cur,1e-20,bayer01
